"","Team","Team.Conference","Gender","Goals.For","Goals.Against","Total.Wins","Total.Losses","Total.Ties","Total.Games","Total.Shut.Out","Total.Shut.Outs","Plus.Minus","Pct.Won","Plus.Minus.Rank","Opp.Wins","Opp.Losses","Opp.Ties","Opp.Goals.For","Opp.Goals.Against","Opp.Pct.Won","Conference.Pct.Won","Rank.Pct.Won","United.Soccer.Coaches.Ranking"
"1","Abilene Christian","Southland","W",45,27,12,5,2,19,2,6,18,0.631578947368421,23,58,116,10,231,351,0.315217391304348,0.423076923076923,21,0
"2","Air Force","Mountain West","W",36,26,10,7,1,18,1,6,10,0.555555555555556,31,86,86,26,262,265,0.434343434343434,0.478632478632479,10,0
"3","Air Force","Western Athletic","M",35,34,8,10,1,19,4,1,1,0.421052631578947,35,47,84,11,166,250,0.330985915492958,0.401785714285714,17,0
"4","Akron","Mid-American","M",21,23,6,10,2,18,5,4,-2,0.333333333333333,38,35,44,13,119,130,0.380434782608696,0.482456140350877,9,0
"5","Akron","Mid-American","W",22,22,8,10,2,20,5,6,0,0.4,41,47,87,15,156,265,0.315436241610738,0.419491525423729,22,0
"6","Alabama","SEC","W",37,26,10,7,3,20,3,4,11,0.5,30,88,89,21,313,318,0.444444444444444,0.508896797153025,4,0
"7","Alabama A&M","Southwestern Athletic","W",28,38,9,9,1,19,5,3,-10,0.473684210526316,51,36,83,2,141,332,0.297520661157025,0.372549019607843,28,0
"8","Alabama State","Southwestern Athletic","W",25,55,5,15,0,20,6,3,-30,0.25,69,14,53,2,63,234,0.202898550724638,0.372549019607843,28,0
"9","Albany","America East","M",29,20,9,7,1,17,4,3,9,0.529411764705882,27,74,54,16,242,175,0.513888888888889,0.496551724137931,5,0
"10","Albany","America East","W",27,23,9,6,3,18,3,4,4,0.5,37,41,82,13,147,211,0.301470588235294,0.424050632911392,20,0
"11","Alcorn State","Southwestern Athletic","W",12,91,1,15,0,16,12,0,-79,0.0625,78,1,14,1,14,56,0.0625,0.372549019607843,28,0
"12","American","Patriot League","M",10,28,3,11,2,16,7,2,-18,0.1875,54,17,29,9,68,98,0.309090909090909,0.401197604790419,18,0
"13","American","Patriot League","W",19,26,6,8,4,18,3,5,-7,0.333333333333333,48,21,70,14,75,175,0.2,0.374331550802139,27,0
"14","Appalachian State","Sun Belt","M",26,22,11,7,1,19,5,8,4,0.578947368421053,32,68,96,16,247,297,0.377777777777778,0.482456140350877,9,0
"15","Appalachian State","Sun Belt","W",23,23,5,10,3,18,6,3,0,0.277777777777778,41,23,64,3,75,198,0.255555555555556,0.431279620853081,19,0
"16","Arizona","Pacific 12","W",41,29,12,7,1,20,3,9,12,0.6,29,94,94,35,313,308,0.42152466367713,0.590733590733591,1,0
"17","Arizona State","Pacific 12","W",33,32,6,11,3,20,4,2,1,0.3,40,34,57,20,127,198,0.306306306306306,0.590733590733591,1,0
"18","Arkansas","SEC","W",62,11,17,4,2,23,3,13,51,0.739130434782609,5,181,114,32,591,426,0.553516819571865,0.508896797153025,4,12
"19","Arkansas Pine Bluff","Southwestern Athletic","W",18,45,5,12,0,17,9,2,-27,0.294117647058824,66,7,44,1,51,202,0.134615384615385,0.372549019607843,28,0
"20","Arkansas State","Sun Belt","W",25,20,10,6,4,20,2,6,5,0.5,36,50,82,16,169,273,0.337837837837838,0.431279620853081,19,0
"21","Army","Patriot League","M",18,24,5,7,4,16,5,1,-6,0.3125,42,21,46,2,84,140,0.304347826086957,0.401197604790419,18,0
"22","Army","Patriot League","W",24,19,9,7,4,20,5,5,5,0.45,36,55,75,33,160,211,0.337423312883436,0.374331550802139,27,0
"23","Auburn","SEC","W",26,29,7,10,2,19,5,5,-3,0.368421052631579,44,42,50,18,142,168,0.381818181818182,0.508896797153025,4,0
"24","Austin Peay","Ohio Valley","W",16,27,4,10,4,18,7,2,-11,0.222222222222222,52,14,50,7,55,138,0.197183098591549,0.359223300970874,29,0
"25","Ball State","Mid-American","W",34,17,15,5,0,20,4,8,17,0.75,24,109,133,28,355,391,0.403703703703704,0.419491525423729,22,0
"26","Baylor","Big 12","W",27,26,8,8,3,19,5,5,1,0.421052631578947,40,69,75,16,213,222,0.43125,0.495238095238095,5,0
"27","Belmont","Ohio Valley","W",24,33,8,9,5,22,6,4,-9,0.363636363636364,50,39,68,21,164,216,0.3046875,0.359223300970874,29,0
"28","Belmont","Southern","M",27,33,5,12,2,19,5,3,-6,0.263157894736842,42,14,37,3,53,109,0.259259259259259,0.392307692307692,21,0
"29","Binghamton","America East","M",18,29,6,9,3,18,6,2,-11,0.333333333333333,47,43,49,13,137,148,0.40952380952381,0.496551724137931,5,0
"30","Binghamton","America East","W",24,20,10,6,2,18,4,7,4,0.555555555555556,37,40,96,23,151,254,0.251572327044025,0.424050632911392,20,0
"31","Boise State","Mountain West","W",46,17,18,5,0,23,3,13,29,0.782608695652174,13,106,166,33,340,487,0.347540983606557,0.478632478632479,10,0
"32","Boston College","Atlantic Coast","M",26,21,9,6,3,18,3,5,5,0.5,31,76,59,18,255,214,0.496732026143791,0.5625,1,0
"33","Boston College","Atlantic Coast","W",33,31,8,8,2,18,2,5,2,0.444444444444444,39,58,70,16,211,214,0.402777777777778,0.546099290780142,3,0
"34","Boston University","Patriot League","W",13,25,5,12,2,19,8,4,-12,0.263157894736842,53,41,40,15,125,113,0.427083333333333,0.374331550802139,27,0
"35","Bowling Green","Mid-American","M",31,17,13,7,1,21,4,11,14,0.619047619047619,22,61,116,20,221,364,0.309644670050761,0.482456140350877,9,0
"36","Bowling Green","Mid-American","W",47,28,14,7,3,24,3,5,19,0.583333333333333,22,71,115,21,248,320,0.342995169082126,0.419491525423729,22,0
"37","Bradley","Missouri Valley","M",17,22,8,7,4,19,4,5,-5,0.421052631578947,41,23,60,7,98,178,0.255555555555556,0.451327433628319,10,0
"38","Brown","Ivy League","M",15,21,4,9,4,17,6,3,-6,0.235294117647059,42,20,42,5,67,136,0.298507462686567,0.413533834586466,14,0
"39","Brown","Ivy League","W",32,8,14,2,3,19,2,11,24,0.736842105263158,17,112,104,30,357,330,0.455284552845528,0.575757575757576,2,23
"40","Bryant","Northeast","M",22,25,8,8,0,16,5,4,-3,0.5,39,37,85,15,145,264,0.27007299270073,0.401197604790419,18,0
"41","Bryant","Northeast","W",23,14,9,4,4,17,4,6,9,0.529411764705882,32,45,101,15,167,298,0.279503105590062,0.341584158415842,30,0
"42","Bucknell","Patriot League","M",24,19,6,7,7,20,4,3,5,0.3,31,33,48,5,112,164,0.383720930232558,0.401197604790419,18,0
"43","Bucknell","Patriot League","W",14,25,5,11,2,18,6,2,-11,0.277777777777778,52,27,50,14,87,130,0.296703296703297,0.374331550802139,27,0
"44","Buffalo","Mid-American","W",33,22,9,8,3,20,3,5,11,0.45,30,61,96,12,214,291,0.36094674556213,0.419491525423729,22,0
"45","Butler","Big East","M",31,27,11,7,2,20,2,6,4,0.55,32,89,93,20,265,248,0.440594059405941,0.547368421052632,2,0
"46","Butler","Big East","W",30,16,10,5,4,19,1,7,14,0.526315789473684,27,60,90,13,195,261,0.368098159509202,0.453125,14,0
"47","BYU","West Coast","W",81,15,21,1,1,23,0,14,66,0.91304347826087,2,183,185,47,596,616,0.440963855421687,0.489795918367347,8,5
"48","Cal Poly","Big West","M",19,20,7,9,1,17,7,4,-1,0.411764705882353,37,30,33,10,97,108,0.410958904109589,0.483870967741935,7,0
"49","Cal Poly","Big West","W",21,30,6,10,3,19,7,2,-9,0.315789473684211,50,39,65,12,141,198,0.336206896551724,0.376470588235294,26,0
"50","Cal State Fullerton","Big West","M",27,25,12,7,1,20,5,5,2,0.6,34,89,90,26,278,291,0.434146341463415,0.483870967741935,7,0
"51","Cal State Fullerton","Big West","W",43,22,14,3,4,21,0,10,21,0.666666666666667,20,72,144,31,246,418,0.291497975708502,0.376470588235294,26,0
"52","California","Pacific 12","M",28,21,8,7,3,18,4,6,7,0.444444444444444,29,40,41,12,114,121,0.43010752688172,0.504424778761062,4,0
"53","California","Pacific 12","W",32,15,13,5,3,21,5,9,17,0.619047619047619,24,103,101,32,322,333,0.436440677966102,0.590733590733591,1,0
"54","California Baptist","Western Athletic","W",36,18,13,5,1,19,3,9,18,0.684210526315789,23,69,151,27,240,444,0.279352226720648,0.418994413407821,23,0
"55","Campbell","Big South","M",59,17,17,3,2,22,3,10,42,0.772727272727273,4,103,149,22,371,482,0.375912408759124,0.419161676646707,13,24
"56","Campbell","Big South","W",48,20,13,4,2,19,1,9,28,0.684210526315789,14,56,129,13,189,383,0.282828282828283,0.440860215053763,15,0
"57","Canisius","Metro Athletic Conference","W",14,22,7,8,2,17,5,6,-8,0.411764705882353,49,28,86,9,99,240,0.227642276422764,0.416666666666667,24,0
"58","Canisius","Metro Atlantic Athletic Conference","M",16,51,2,15,0,17,6,1,-35,0.117647058823529,63,11,21,4,36,62,0.305555555555556,0.404040404040404,16,0
"59","Central Arkansas","Southland","W",28,40,5,12,1,18,4,4,-12,0.277777777777778,53,22,64,6,93,198,0.239130434782609,0.423076923076923,21,0
"60","Central Arkansas","Sun Belt","M",37,19,10,7,1,18,6,4,18,0.555555555555556,18,68,75,10,228,259,0.444444444444444,0.482456140350877,9,0
"61","Central Connecticut","Northeast","M",13,56,1,13,1,15,6,0,-43,0.0666666666666667,66,2,11,3,11,38,0.125,0.401197604790419,18,0
"62","Central Connecticut","Northeast","W",44,18,13,5,4,22,3,8,26,0.590909090909091,15,74,122,22,241,362,0.339449541284404,0.341584158415842,30,0
"63","Central Michigan","Mid-American","W",20,19,7,6,4,17,2,4,1,0.411764705882353,40,49,72,9,151,204,0.376923076923077,0.419491525423729,22,0
"64","Charleston Southern","Big South","W",30,31,7,10,2,19,7,3,-1,0.368421052631579,42,22,89,7,95,280,0.186440677966102,0.440860215053763,15,0
"65","Charlotte","Conference USA","M",30,14,12,4,4,20,3,5,16,0.6,20,97,101,20,328,352,0.444954128440367,0.482993197278912,8,21
"66","Charlotte","Conference USA","W",40,24,13,6,0,19,4,5,16,0.684210526315789,25,89,111,21,333,346,0.402714932126697,0.49063670411985,7,0
"67","Chicago State","Western Athletic","W",6,73,0,19,0,19,13,0,-67,0,77,NA,NA,NA,NA,NA,NA,0.418994413407821,23,0
"68","Cincinnati","American Athletic","M",23,40,5,11,1,17,5,2,-17,0.294117647058824,53,35,46,5,114,136,0.406976744186047,0.520547945205479,3,0
"69","Cincinnati","American Athletic","W",16,22,7,9,3,19,7,5,-6,0.368421052631579,47,48,50,15,161,147,0.424778761061947,0.481865284974093,9,0
"70","Clemson","Atlantic Coast","M",70,21,18,2,2,22,0,9,49,0.818181818181818,1,144,145,34,468,467,0.445820433436532,0.5625,1,5
"71","Clemson","Atlantic Coast","W",33,25,11,7,2,20,3,6,8,0.55,33,93,86,31,271,256,0.442857142857143,0.546099290780142,3,0
"72","Cleveland State","Horizon League","M",23,17,7,7,1,15,4,4,6,0.466666666666667,30,46,66,14,156,205,0.365079365079365,0.43030303030303,12,0
"73","Cleveland State","Horizon League","W",17,24,6,8,3,17,6,4,-7,0.352941176470588,48,39,61,8,127,162,0.361111111111111,0.467391304347826,11,0
"74","Coastal Carolina","Sun Belt","M",29,24,10,8,3,21,6,4,5,0.476190476190476,31,73,74,16,236,240,0.447852760736196,0.482456140350877,9,0
"75","Coastal Carolina","Sun Belt","W",21,30,7,9,2,18,6,3,-9,0.388888888888889,50,40,56,17,139,175,0.353982300884956,0.431279620853081,19,0
"76","Colgate","Patriot League","M",16,23,6,9,4,19,4,4,-7,0.315789473684211,43,37,55,10,125,167,0.362745098039216,0.401197604790419,18,0
"77","Colgate","Patriot League","W",13,22,5,9,4,18,6,4,-9,0.277777777777778,50,19,39,11,54,98,0.27536231884058,0.374331550802139,27,0
"78","College of Charleston","Colonial Athletic Association","M",11,32,2,12,2,16,6,2,-21,0.125,57,12,22,3,46,65,0.324324324324324,0.4,19,0
"79","College of Charleston","Colonial Athletic Association","W",17,25,8,10,0,18,7,5,-8,0.444444444444444,49,50,79,10,198,241,0.359712230215827,0.463541666666667,12,0
"80","Colorado","Pacific 12","W",36,27,12,8,2,22,4,8,9,0.545454545454545,32,93,97,28,293,288,0.426605504587156,0.590733590733591,1,0
"81","Colorado College","Mountain West","W",27,20,10,7,0,17,5,6,7,0.588235294117647,34,84,89,18,238,270,0.43979057591623,0.478632478632479,10,0
"82","Colorado State","Mountain West","W",26,15,12,5,3,20,3,8,11,0.6,30,74,99,19,235,261,0.385416666666667,0.478632478632479,10,0
"83","Columbia","Ivy League","M",23,32,5,8,4,17,3,2,-9,0.294117647058824,45,19,57,11,88,155,0.218390804597701,0.413533834586466,14,0
"84","Columbia","Ivy League","W",25,15,9,3,4,16,3,5,10,0.5625,31,60,78,21,167,212,0.377358490566038,0.575757575757576,2,0
"85","Connecticut","American Athletic","M",25,30,5,12,1,18,5,3,-5,0.277777777777778,41,36,43,9,126,144,0.409090909090909,0.520547945205479,3,0
"86","Connecticut","American Athletic","W",18,24,6,8,3,17,5,2,-6,0.352941176470588,47,43,59,12,152,176,0.37719298245614,0.481865284974093,9,0
"87","Cornell","Ivy League","M",32,20,10,5,2,17,1,7,12,0.588235294117647,24,46,104,28,196,302,0.258426966292135,0.413533834586466,14,0
"88","Cornell","Ivy League","W",10,25,4,10,1,15,8,3,-15,0.266666666666667,55,23,43,9,68,121,0.306666666666667,0.575757575757576,2,0
"89","Creighton","Big East","M",22,22,8,7,2,17,5,3,0,0.470588235294118,36,41,63,17,138,179,0.338842975206612,0.547368421052632,2,0
"90","Creighton","Big East","W",25,21,8,7,3,18,4,4,4,0.444444444444444,37,60,78,18,179,224,0.384615384615385,0.453125,14,0
"91","CSU Bakersfield","Western Athletic","M",52,54,14,22,2,38,11,8,-2,0.368421052631579,38,47,92,8,183,270,0.319727891156463,0.401785714285714,17,0
"92","CSU Bakersfield","Western Athletic","W",27,27,9,9,2,20,6,3,0,0.45,41,52,108,14,181,321,0.298850574712644,0.418994413407821,23,0
"93","CSUN","Big West","M",30,29,8,8,3,19,5,3,1,0.421052631578947,35,62,60,12,186,181,0.462686567164179,0.483870967741935,7,0
"94","CSUN","Big West","W",25,20,12,7,3,22,4,10,5,0.545454545454545,36,61,125,20,215,355,0.296116504854369,0.376470588235294,26,0
"95","Dartmouth","Ivy League","M",23,23,6,8,2,16,3,3,0,0.375,36,32,57,12,106,154,0.316831683168317,0.413533834586466,14,0
"96","Dartmouth","Ivy League","W",37,13,10,6,1,17,4,8,24,0.588235294117647,17,55,103,17,174,303,0.314285714285714,0.575757575757576,2,0
"97","Davidson","Atlantic 10","M",17,31,3,11,2,16,6,2,-14,0.1875,50,20,29,1,58,71,0.4,0.41025641025641,15,0
"98","Davidson","Atlantic 10","W",21,20,8,8,3,19,4,7,1,0.421052631578947,40,56,77,15,174,227,0.378378378378378,0.432330827067669,18,0
"99","Dayton","Atlantic 10","M",43,23,13,8,0,21,3,8,20,0.619047619047619,16,93,125,15,305,351,0.399141630901288,0.41025641025641,15,0
"100","Dayton","Atlantic 10","W",26,26,7,9,3,19,4,4,0,0.368421052631579,41,41,72,18,138,216,0.312977099236641,0.432330827067669,18,0
"101","Delaware","Colonial Athletic Association","M",17,38,3,9,3,15,5,1,-21,0.2,57,23,27,5,85,88,0.418181818181818,0.4,19,0
"102","Delaware","Colonial Athletic Association","W",28,18,12,7,0,19,3,9,10,0.631578947368421,31,75,100,25,252,304,0.375,0.463541666666667,12,0
"103","Delaware State","Independent","W",6,59,0,17,0,17,12,0,-53,0,76,NA,NA,NA,NA,NA,NA,0.126984126984127,32,0
"104","Denver","Summit League","M",21,25,6,12,3,21,6,4,-4,0.285714285714286,40,33,45,8,107,142,0.383720930232558,0.327102803738318,22,0
"105","Denver","Summit League","W",34,10,12,4,4,20,3,11,24,0.6,17,78,90,21,222,240,0.412698412698413,0.432748538011696,17,0
"106","DePaul","Big East","M",17,22,5,9,3,17,5,4,-5,0.294117647058824,41,49,41,7,159,134,0.505154639175258,0.547368421052632,2,0
"107","DePaul","Big East","W",22,18,8,8,3,19,4,7,4,0.421052631578947,37,74,65,17,227,203,0.474358974358974,0.453125,14,0
"108","Detroit Mercy","Horizon League","M",15,30,7,11,1,19,9,6,-15,0.368421052631579,51,35,74,10,136,228,0.294117647058824,0.43030303030303,12,0
"109","Detroit Mercy","Horizon League","W",8,32,2,13,2,17,11,1,-24,0.117647058823529,63,3,11,2,14,27,0.1875,0.467391304347826,11,0
"110","Drake","Missouri Valley","M",23,29,8,9,1,18,4,6,-6,0.444444444444444,42,23,64,4,103,188,0.252747252747253,0.451327433628319,10,0
"111","Drake","Missouri Valley","W",14,19,8,10,1,19,9,7,-5,0.421052631578947,46,41,72,12,120,171,0.328,0.409722222222222,25,0
"112","Drexel","Colonial Athletic Association","M",22,26,6,9,2,17,2,2,-4,0.352941176470588,40,38,56,18,152,167,0.339285714285714,0.4,19,0
"113","Drexel","Colonial Athletic Association","W",13,29,5,11,3,19,9,3,-16,0.263157894736842,56,30,56,5,93,165,0.32967032967033,0.463541666666667,12,0
"114","Duke","Atlantic Coast","M",29,26,7,9,2,18,3,5,3,0.388888888888889,33,56,73,19,225,233,0.378378378378378,0.5625,1,0
"115","Duke","Atlantic Coast","W",38,14,9,4,7,20,4,5,24,0.45,17,72,86,20,254,293,0.404494382022472,0.546099290780142,3,18
"116","Duquesne","Atlantic 10","M",20,22,8,8,1,17,4,5,-2,0.470588235294118,38,31,82,8,125,244,0.256198347107438,0.41025641025641,15,0
"117","Duquesne","Atlantic 10","W",24,28,6,8,3,17,5,1,-4,0.352941176470588,45,35,57,15,116,162,0.327102803738318,0.432330827067669,18,0
"118","East Carolina","American Athletic","W",19,25,5,10,3,18,7,5,-6,0.277777777777778,47,33,54,5,111,154,0.358695652173913,0.481865284974093,9,0
"119","East Tennessee State","Southern","M",22,19,8,8,2,18,7,5,3,0.444444444444444,33,43,78,5,156,244,0.341269841269841,0.392307692307692,21,0
"120","East Tennessee State","Southern","W",24,23,5,11,4,20,7,2,1,0.25,40,3,42,1,28,146,0.0652173913043478,0.461928934010152,13,0
"121","Eastern Illinois","Ohio Valley","W",18,26,4,10,4,18,7,2,-8,0.222222222222222,49,14,53,7,63,188,0.189189189189189,0.359223300970874,29,0
"122","Eastern Illinois","Summit League","M",14,25,5,9,2,16,4,4,-11,0.3125,47,19,44,9,66,138,0.263888888888889,0.327102803738318,22,0
"123","Eastern Kentucky","Ohio Valley","W",12,27,4,12,2,18,5,3,-15,0.222222222222222,55,34,36,7,111,101,0.441558441558442,0.359223300970874,29,0
"124","Eastern Michigan","Mid-American","W",33,44,8,11,3,22,5,1,-11,0.363636363636364,52,60,74,16,196,225,0.4,0.419491525423729,22,0
"125","Eastern Washington","Big Sky","W",33,23,11,8,2,21,6,6,10,0.523809523809524,31,54,108,25,185,298,0.288770053475936,0.309278350515464,31,0
"126","Elon","Colonial Athletic Association","M",30,31,7,9,1,17,4,3,-1,0.411764705882353,37,54,81,11,189,223,0.36986301369863,0.4,19,0
"127","Elon","Colonial Athletic Association","W",42,33,12,6,2,20,4,4,9,0.6,32,90,120,13,287,372,0.403587443946188,0.463541666666667,12,0
"128","Evansville","Missouri Valley","M",13,35,2,15,1,18,9,1,-22,0.111111111111111,58,9,21,3,33,70,0.272727272727273,0.451327433628319,10,0
"129","Evansville","Missouri Valley","W",9,28,2,12,3,17,9,2,-19,0.117647058823529,59,11,19,5,46,67,0.314285714285714,0.409722222222222,25,0
"130","Fairfield","Metro Athletic Conference","W",44,33,11,6,3,20,5,8,11,0.55,30,67,111,23,201,319,0.333333333333333,0.416666666666667,24,0
"131","Fairfield","Metro Atlantic Athletic Conference","M",18,22,6,7,4,17,5,4,-4,0.352941176470588,40,25,70,9,117,207,0.240384615384615,0.404040404040404,16,0
"132","Fairleigh Dickinson","Northeast","M",27,25,7,9,4,20,6,1,2,0.35,34,40,63,17,167,209,0.333333333333333,0.401197604790419,18,0
"133","Fairleigh Dickinson","Northeast","W",29,19,9,6,6,21,3,5,10,0.428571428571429,31,41,92,10,145,280,0.286713286713287,0.341584158415842,30,0
"134","FGCU","ASUN","M",34,32,9,8,2,19,3,3,2,0.473684210526316,34,65,74,21,198,224,0.40625,0.39344262295082,20,0
"135","FGCU","ASUN","W",28,16,11,4,2,17,3,8,12,0.647058823529412,29,63,102,14,231,305,0.35195530726257,0.432926829268293,16,0
"136","Florida","SEC","W",38,31,11,9,1,21,4,5,7,0.523809523809524,34,82,69,20,276,243,0.47953216374269,0.508896797153025,4,0
"137","Florida Atlantic","Conference USA","M",22,30,7,8,1,16,4,3,-8,0.4375,44,47,48,13,170,174,0.435185185185185,0.482993197278912,8,0
"138","Florida Atlantic","Conference USA","W",43,24,15,4,2,21,2,5,19,0.714285714285714,22,111,123,22,401,394,0.43359375,0.49063670411985,7,0
"139","Florida International","Conference USA","M",41,18,10,3,5,18,2,4,23,0.555555555555556,13,72,90,17,246,290,0.402234636871508,0.482993197278912,8,0
"140","Florida International","Conference USA","W",13,52,2,15,0,17,8,2,-39,0.117647058823529,73,2,24,6,19,68,0.0625,0.49063670411985,7,0
"141","Florida State","Atlantic Coast","W",49,27,18,6,0,24,3,10,22,0.75,19,178,113,46,561,394,0.528189910979229,0.546099290780142,3,7
"142","Fordham","Atlantic 10","M",23,23,7,10,3,20,5,5,0,0.35,36,37,64,3,118,184,0.355769230769231,0.41025641025641,15,0
"143","Fordham","Atlantic 10","W",14,36,5,11,4,20,7,2,-22,0.25,62,31,46,12,109,128,0.348314606741573,0.432330827067669,18,0
"144","Fresno State","Mountain West","W",28,24,9,7,4,20,3,5,4,0.45,37,57,101,12,177,281,0.335294117647059,0.478632478632479,10,0
"145","Furman","Southern","M",41,32,11,7,1,19,4,4,9,0.578947368421053,27,52,111,14,226,351,0.293785310734463,0.392307692307692,21,0
"146","Furman","Southern","W",38,19,14,6,1,21,3,11,19,0.666666666666667,22,97,112,20,314,344,0.423580786026201,0.461928934010152,13,0
"147","Gardner-Webb","Big South","M",34,36,9,8,2,19,4,3,-2,0.473684210526316,38,34,99,7,158,306,0.242857142857143,0.419161676646707,13,0
"148","Gardner-Webb","Big South","W",31,35,10,11,1,22,4,6,-4,0.454545454545455,45,46,95,11,176,294,0.302631578947368,0.440860215053763,15,0
"149","George Mason","Atlantic 10","M",16,34,4,12,2,18,8,1,-18,0.222222222222222,54,24,41,5,83,105,0.342857142857143,0.41025641025641,15,0
"150","George Mason","Atlantic 10","W",18,35,3,11,3,17,4,3,-17,0.176470588235294,57,22,27,6,60,81,0.4,0.432330827067669,18,0
"151","George Washington","Atlantic 10","M",13,23,5,11,1,17,8,4,-10,0.294117647058824,46,22,56,7,88,149,0.258823529411765,0.41025641025641,15,0
"152","George Washington","Atlantic 10","W",43,25,14,3,4,21,1,5,18,0.666666666666667,23,74,119,28,225,354,0.334841628959276,0.432330827067669,18,0
"153","Georgetown","Big East","M",58,14,19,1,4,24,1,12,44,0.791666666666667,3,170,125,35,502,400,0.515151515151515,0.547368421052632,2,1
"154","Georgetown","Big East","W",45,20,13,5,3,21,4,8,25,0.619047619047619,16,71,96,21,236,296,0.377659574468085,0.453125,14,0
"155","Georgia","SEC","W",26,16,8,7,4,19,6,6,10,0.421052631578947,31,78,63,16,236,228,0.496815286624204,0.508896797153025,4,0
"156","Georgia Southern","Sun Belt","M",24,34,7,9,2,18,5,2,-10,0.388888888888889,46,38,57,10,127,168,0.361904761904762,0.482456140350877,9,0
"157","Georgia Southern","Sun Belt","W",19,30,6,11,1,18,7,3,-11,0.333333333333333,52,39,66,9,132,223,0.342105263157895,0.431279620853081,19,0
"158","Georgia State","Sun Belt","M",38,21,12,4,4,20,1,8,17,0.6,19,87,99,20,288,317,0.422330097087379,0.482456140350877,9,0
"159","Georgia State","Sun Belt","W",19,29,9,9,2,20,8,6,-10,0.45,51,64,78,27,199,232,0.378698224852071,0.431279620853081,19,0
"160","Gonzaga","West Coast","M",15,28,4,10,2,16,6,2,-13,0.25,49,20,29,3,65,88,0.384615384615385,0.485714285714286,6,0
"161","Gonzaga","West Coast","W",39,23,12,6,1,19,4,7,16,0.631578947368421,25,75,120,31,241,369,0.331858407079646,0.489795918367347,8,0
"162","Grambling State","Southwestern Athletic","W",33,32,10,11,1,22,10,7,1,0.454545454545455,40,47,109,7,177,448,0.288343558282209,0.372549019607843,28,0
"163","Grand Canyon","Western Athletic","M",19,26,4,9,4,17,4,4,-7,0.235294117647059,43,28,35,5,97,93,0.411764705882353,0.401785714285714,17,0
"164","Grand Canyon","Western Athletic","W",14,32,4,14,1,19,11,3,-18,0.210526315789474,58,6,44,4,37,152,0.111111111111111,0.418994413407821,23,0
"165","Hampton University","Independent","W",6,50,1,15,1,17,11,1,-44,0.0588235294117647,75,1,16,2,6,32,0.0526315789473684,0.126984126984127,32,0
"166","Hartford","America East","M",26,23,12,5,4,21,4,9,3,0.571428571428571,33,66,101,20,224,313,0.352941176470588,0.496551724137931,5,0
"167","Hartford","America East","W",26,19,10,7,2,19,4,4,7,0.526315789473684,34,40,96,16,155,282,0.263157894736842,0.424050632911392,20,0
"168","Harvard","Ivy League","M",8,49,0,14,1,15,10,0,-41,0,65,NA,NA,NA,NA,NA,NA,0.413533834586466,14,0
"169","Harvard","Ivy League","W",35,16,12,3,1,16,0,8,19,0.75,22,86,100,22,267,276,0.413461538461538,0.575757575757576,2,0
"170","Hawaii","Big West","W",19,27,6,8,4,18,5,4,-8,0.333333333333333,49,38,65,9,105,166,0.339285714285714,0.376470588235294,26,0
"171","High Point","Big South","M",28,26,13,7,0,20,5,7,2,0.65,34,74,125,16,310,405,0.344186046511628,0.419161676646707,13,0
"172","High Point","Big South","W",29,19,10,7,2,19,5,6,10,0.526315789473684,31,67,87,11,229,286,0.406060606060606,0.440860215053763,15,0
"173","Hofstra","Colonial Athletic Association","M",38,27,10,6,3,19,1,6,11,0.526315789473684,25,53,82,21,208,261,0.33974358974359,0.4,19,0
"174","Hofstra","Colonial Athletic Association","W",51,31,16,4,2,22,2,5,20,0.727272727272727,21,128,110,29,385,365,0.47940074906367,0.463541666666667,12,0
"175","Holy Cross","Patriot League","M",17,53,3,15,0,18,5,2,-36,0.166666666666667,64,7,18,7,32,59,0.21875,0.401197604790419,18,0
"176","Holy Cross","Patriot League","W",17,16,5,4,8,17,3,4,1,0.294117647058824,40,35,47,11,82,115,0.376344086021505,0.374331550802139,27,0
"177","Houston","American Athletic","W",23,43,6,14,0,20,7,4,-20,0.3,60,43,62,8,153,175,0.380530973451327,0.481865284974093,9,0
"178","Houston Baptist","Southland","W",18,35,3,15,0,18,8,1,-17,0.166666666666667,57,25,31,3,72,118,0.423728813559322,0.423076923076923,21,0
"179","Houston Baptist","Western Athletic","M",23,48,7,11,0,18,7,2,-25,0.388888888888889,59,29,67,11,129,206,0.271028037383178,0.401785714285714,17,0
"180","Howard","Southwestern Athletic","W",32,12,14,4,0,18,3,11,20,0.777777777777778,21,50,141,9,193,502,0.25,0.372549019607843,28,0
"181","Howard","Sun Belt","M",18,38,5,12,1,18,9,2,-20,0.277777777777778,56,32,48,7,104,154,0.367816091954023,0.482456140350877,9,0
"182","Idaho","Big Sky","W",16,27,5,12,2,19,7,3,-11,0.263157894736842,52,24,47,5,84,134,0.315789473684211,0.309278350515464,31,0
"183","Idaho State","Big Sky","W",17,42,2,14,3,19,6,0,-25,0.105263157894737,64,12,23,3,33,64,0.315789473684211,0.309278350515464,31,0
"184","Illinois","Big Ten","W",30,32,9,8,1,18,4,1,-2,0.5,43,82,70,20,253,214,0.476744186046512,0.491166077738516,6,0
"185","Illinois State","Missouri Valley","W",42,24,14,6,0,20,3,10,18,0.7,23,77,136,20,233,352,0.330472103004292,0.409722222222222,25,0
"186","Incarnate Word","Southland","W",27,27,8,10,1,19,5,6,0,0.421052631578947,41,46,82,4,166,266,0.348484848484849,0.423076923076923,21,0
"187","Incarnate Word","Western Athletic","M",11,26,5,12,0,17,8,4,-15,0.294117647058824,51,26,39,3,80,115,0.382352941176471,0.401785714285714,17,0
"188","Indiana","Big Ten","M",40,16,15,3,4,22,2,7,24,0.681818181818182,12,95,120,32,312,350,0.384615384615385,0.44,11,9
"189","Indiana","Big Ten","W",15,16,8,9,2,19,7,7,-1,0.421052631578947,42,54,75,21,185,227,0.36,0.491166077738516,6,0
"190","Indiana State","Missouri Valley","W",14,27,3,11,2,16,5,2,-13,0.1875,54,13,34,8,46,84,0.236363636363636,0.409722222222222,25,0
"191","Iona College","Metro Athletic Conference","W",23,43,7,11,2,20,4,5,-20,0.35,60,35,79,9,100,221,0.284552845528455,0.416666666666667,24,0
"192","Iona College","Metro Atlantic Athletic Conference","M",40,31,14,6,1,21,1,2,9,0.666666666666667,27,93,120,21,337,386,0.397435897435897,0.404040404040404,16,0
"193","Iowa","Big Ten","W",45,19,15,5,1,21,4,8,26,0.714285714285714,15,117,143,32,365,422,0.400684931506849,0.491166077738516,6,0
"194","Iowa State","Big 12","W",11,31,3,15,0,18,9,2,-20,0.166666666666667,60,19,28,9,75,88,0.339285714285714,0.495238095238095,5,0
"195","IUPUI","Horizon League","M",15,33,4,10,3,17,7,2,-18,0.235294117647059,54,20,44,4,84,148,0.294117647058824,0.43030303030303,12,0
"196","IUPUI","Horizon League","W",28,20,12,7,1,20,5,8,8,0.6,33,68,127,23,209,356,0.311926605504587,0.467391304347826,11,0
"197","Jackson State","Southwestern Athletic","W",19,44,8,12,0,20,10,6,-25,0.4,64,36,84,5,141,351,0.288,0.372549019607843,28,0
"198","Jacksonville","ASUN","M",18,28,5,7,2,14,4,1,-10,0.357142857142857,46,44,47,5,142,161,0.458333333333333,0.39344262295082,20,0
"199","Jacksonville","ASUN","W",5,32,0,13,3,16,9,0,-27,0,66,NA,NA,NA,NA,NA,NA,0.432926829268293,16,0
"200","Jacksonville State","Ohio Valley","W",21,43,4,14,0,18,9,2,-22,0.222222222222222,62,19,53,0,94,227,0.263888888888889,0.359223300970874,29,0
"201","James Madison","Colonial Athletic Association","M",36,22,11,7,3,21,4,8,14,0.523809523809524,22,81,83,15,268,270,0.452513966480447,0.4,19,0
"202","James Madison","Colonial Athletic Association","W",45,50,9,12,1,22,3,4,-5,0.409090909090909,46,58,92,13,187,264,0.355828220858896,0.463541666666667,12,0
"203","Kansas","Big 12","W",45,20,17,5,3,25,4,11,25,0.68,16,175,131,37,521,408,0.510204081632653,0.495238095238095,5,11
"204","Kansas State","Big 12","W",15,37,3,13,2,18,7,2,-22,0.166666666666667,62,26,31,2,76,76,0.440677966101695,0.495238095238095,5,0
"205","Kennesaw State","ASUN","W",29,22,11,7,2,20,4,7,7,0.55,34,74,109,17,237,330,0.37,0.432926829268293,16,0
"206","Kent State","Mid-American","W",27,27,6,9,3,18,3,4,0,0.333333333333333,41,35,69,8,120,202,0.3125,0.419491525423729,22,0
"207","Kentucky","Conference USA","M",37,19,13,5,3,21,4,8,18,0.619047619047619,18,93,104,24,310,335,0.420814479638009,0.482993197278912,8,23
"208","Kentucky","SEC","W",27,31,6,10,3,19,4,4,-4,0.315789473684211,45,31,68,8,112,191,0.289719626168224,0.508896797153025,4,0
"209","La Salle","Atlantic 10","M",23,29,8,9,1,18,5,5,-6,0.444444444444444,42,55,79,10,182,254,0.381944444444444,0.41025641025641,15,0
"210","La Salle","Atlantic 10","W",27,28,11,8,1,20,4,6,-1,0.55,42,75,82,23,242,244,0.416666666666667,0.432330827067669,18,0
"211","Lafayette","Patriot League","M",33,21,9,7,5,21,3,5,12,0.428571428571429,24,37,73,16,143,220,0.293650793650794,0.401197604790419,18,0
"212","Lafayette","Patriot League","W",24,18,7,6,5,18,3,4,6,0.388888888888889,35,26,86,13,81,223,0.208,0.374331550802139,27,0
"213","Lamar University","Southland","W",71,49,16,8,0,24,3,5,22,0.666666666666667,19,104,145,18,375,467,0.389513108614232,0.423076923076923,21,0
"214","Lehigh","Patriot League","M",25,18,13,5,3,21,3,8,7,0.619047619047619,29,83,100,32,262,280,0.386046511627907,0.401197604790419,18,0
"215","Lehigh","Patriot League","W",11,16,5,8,5,18,7,4,-5,0.277777777777778,46,24,50,16,72,122,0.266666666666667,0.374331550802139,27,0
"216","Liberty","ASUN","M",14,31,5,13,0,18,10,2,-17,0.277777777777778,53,22,54,7,85,170,0.265060240963855,0.39344262295082,20,0
"217","Liberty","ASUN","W",26,23,10,7,2,19,5,8,3,0.526315789473684,38,52,96,17,206,291,0.315151515151515,0.432926829268293,16,0
"218","Lipscomb","ASUN","M",21,28,5,9,2,16,2,4,-7,0.3125,43,36,40,10,107,118,0.418604651162791,0.39344262295082,20,0
"219","Lipscomb","ASUN","W",41,19,13,6,2,21,4,9,22,0.619047619047619,19,58,115,26,217,359,0.291457286432161,0.432926829268293,16,0
"220","Little Rock","Sun Belt","W",18,26,5,8,6,19,5,4,-8,0.263157894736842,49,23,61,8,101,190,0.25,0.431279620853081,19,0
"221","LIU","Northeast","M",31,21,10,7,2,19,3,6,10,0.526315789473684,26,45,70,14,162,244,0.348837209302326,0.401197604790419,18,0
"222","LIU","Northeast","W",16,33,5,12,1,18,11,4,-17,0.277777777777778,57,13,67,6,58,181,0.151162790697674,0.341584158415842,30,0
"223","Long Beach State","Big West","W",16,26,4,12,1,17,6,2,-10,0.235294117647059,51,22,43,8,66,119,0.301369863013699,0.376470588235294,26,0
"224","Longwood","Big South","M",24,28,6,10,0,16,5,3,-4,0.375,40,21,76,7,99,246,0.201923076923077,0.419161676646707,13,0
"225","Longwood","Big South","W",20,21,6,9,2,17,4,4,-1,0.352941176470588,42,24,56,6,76,168,0.27906976744186,0.440860215053763,15,0
"226","Louisiana Lafayette","Sun Belt","W",28,24,9,8,3,20,5,7,4,0.45,37,47,102,15,187,358,0.286585365853659,0.431279620853081,19,0
"227","Louisiana Tech","Conference USA","W",52,23,13,5,3,21,2,4,29,0.619047619047619,13,60,113,9,227,417,0.32967032967033,0.49063670411985,7,0
"228","Louisville","Atlantic Coast","M",28,28,10,8,2,20,4,7,0,0.5,36,72,60,17,236,191,0.483221476510067,0.5625,1,20
"229","Louisville","Atlantic Coast","W",30,19,13,5,2,20,4,9,11,0.65,30,108,109,32,357,336,0.433734939759036,0.546099290780142,3,25
"230","Loyola (MD)","Patriot League","M",39,22,10,7,2,19,3,5,17,0.526315789473684,19,50,68,24,182,226,0.352112676056338,0.401197604790419,18,0
"231","Loyola (MD)","Patriot League","W",18,24,7,7,5,19,4,3,-6,0.368421052631579,47,21,68,17,75,188,0.19811320754717,0.374331550802139,27,0
"232","Loyola Marymount","West Coast","M",29,21,11,6,3,20,2,8,8,0.55,28,93,84,19,284,263,0.474489795918367,0.485714285714286,6,0
"233","Loyola Marymount","West Coast","W",21,41,4,12,3,19,6,3,-20,0.210526315789474,60,31,43,5,106,152,0.392405063291139,0.489795918367347,8,0
"234","Loyola-Chicago","Missouri Valley","M",32,20,11,5,4,20,1,5,12,0.55,24,57,73,14,204,221,0.395833333333333,0.451327433628319,10,0
"235","Loyola-Chicago","Missouri Valley","W",35,20,14,5,1,20,3,9,15,0.7,26,78,124,18,266,361,0.354545454545455,0.409722222222222,25,0
"236","LSU","SEC","W",11,40,3,12,3,18,11,2,-29,0.166666666666667,68,33,22,6,85,73,0.540983606557377,0.508896797153025,4,0
"237","Maine","America East","W",17,21,5,8,1,14,3,2,-4,0.357142857142857,45,33,47,9,98,137,0.370786516853933,0.424050632911392,20,0
"238","Manhattan","Metro Athletic Conference","W",20,28,4,11,2,17,5,2,-8,0.235294117647059,49,18,47,7,64,143,0.25,0.416666666666667,24,0
"239","Manhattan","Metro Atlantic Athletic Conference","M",18,24,6,10,1,17,4,4,-6,0.352941176470588,42,32,62,13,127,187,0.299065420560748,0.404040404040404,16,0
"240","Marist","Metro Athletic Conference","W",25,26,8,10,1,19,6,6,-1,0.421052631578947,42,31,80,15,105,249,0.246031746031746,0.416666666666667,24,0
"241","Marist","Metro Atlantic Athletic Conference","M",35,29,10,9,0,19,2,3,6,0.526315789473684,30,48,92,16,193,277,0.307692307692308,0.404040404040404,16,0
"242","Marquette","Big East","M",25,31,8,9,1,18,5,3,-6,0.444444444444444,42,52,73,16,161,207,0.368794326241135,0.547368421052632,2,0
"243","Marquette","Big East","W",20,31,6,11,1,18,7,3,-11,0.333333333333333,52,50,55,13,138,165,0.423728813559322,0.453125,14,0
"244","Marshall","Conference USA","M",47,20,16,3,3,22,1,7,27,0.727272727272727,11,120,128,33,397,413,0.427046263345196,0.482993197278912,8,11
"245","Marshall","Conference USA","W",28,46,4,14,0,18,5,2,-18,0.222222222222222,58,26,39,7,91,131,0.361111111111111,0.49063670411985,7,0
"246","Maryland","Big Ten","M",28,22,11,8,2,21,4,10,6,0.523809523809524,30,101,73,15,267,229,0.534391534391534,0.44,11,0
"247","Maryland","Big Ten","W",25,33,9,8,3,20,7,5,-8,0.45,49,67,79,21,202,218,0.401197604790419,0.491166077738516,6,0
"248","Massachusetts","Atlantic 10","M",19,16,7,10,0,17,9,5,3,0.411764705882353,33,30,62,10,115,211,0.294117647058824,0.41025641025641,15,0
"249","Massachusetts","Atlantic 10","W",40,31,10,6,3,19,0,3,9,0.526315789473684,32,61,95,31,189,278,0.32620320855615,0.432330827067669,18,0
"250","Massachusetts-Lowell","America East","M",18,26,9,8,1,18,5,6,-8,0.5,44,46,78,10,163,231,0.343283582089552,0.496551724137931,5,0
"251","Massachusetts-Lowell","America East","W",19,34,4,11,2,17,4,0,-15,0.235294117647059,55,31,35,5,89,93,0.436619718309859,0.424050632911392,20,0
"252","McNeese State","Southland","W",30,30,11,9,0,20,7,5,0,0.55,41,69,109,9,244,355,0.368983957219251,0.423076923076923,21,0
"253","Memphis","American Athletic","M",34,28,10,7,0,17,2,3,6,0.588235294117647,30,85,83,16,314,268,0.46195652173913,0.520547945205479,3,0
"254","Memphis","American Athletic","W",54,12,17,3,1,21,2,12,42,0.80952380952381,6,110,142,33,378,411,0.385964912280702,0.481865284974093,9,21
"255","Mercer","Southern","M",40,29,14,7,0,21,3,6,11,0.666666666666667,25,76,139,16,314,452,0.329004329004329,0.392307692307692,21,0
"256","Mercer","Southern","W",38,22,16,4,0,20,3,9,16,0.8,25,105,156,28,333,453,0.363321799307958,0.461928934010152,13,0
"257","Merrimack","Northeast","M",34,12,11,3,2,16,2,8,22,0.6875,14,62,89,18,218,306,0.366863905325444,0.401197604790419,18,0
"258","Merrimack","Northeast","W",17,41,3,14,1,18,6,1,-24,0.166666666666667,63,7,38,5,37,91,0.14,0.341584158415842,30,0
"259","Miami (FL)","Atlantic Coast","W",24,32,5,9,2,16,7,2,-8,0.3125,49,34,45,15,117,140,0.361702127659574,0.546099290780142,3,0
"260","Miami (OH)","Mid-American","W",13,31,4,13,1,18,10,2,-18,0.222222222222222,58,27,40,11,106,133,0.346153846153846,0.419491525423729,22,0
"261","Michigan","Big Ten","M",32,18,11,5,6,22,2,8,14,0.5,22,83,81,22,254,248,0.446236559139785,0.44,11,17
"262","Michigan","Big Ten","W",48,26,18,6,1,25,5,5,22,0.72,19,133,114,32,416,364,0.476702508960573,0.491166077738516,6,15
"263","Michigan State","Big Ten","M",13,23,3,12,3,18,9,1,-10,0.166666666666667,46,17,30,8,51,83,0.309090909090909,0.44,11,0
"264","Michigan State","Big Ten","W",29,29,8,10,1,19,5,4,0,0.421052631578947,41,59,83,17,209,247,0.371069182389937,0.491166077738516,6,0
"265","Middle Tennessee","Conference USA","W",47,42,8,10,1,19,3,2,5,0.421052631578947,36,49,77,18,162,231,0.340277777777778,0.49063670411985,7,0
"266","Minnesota","Big Ten","W",11,26,3,12,4,19,9,3,-15,0.157894736842105,55,21,27,11,68,74,0.355932203389831,0.491166077738516,6,0
"267","Mississippi","SEC","W",33,27,10,7,3,20,3,6,6,0.5,35,74,94,16,257,289,0.402173913043478,0.508896797153025,4,0
"268","Mississippi State","SEC","W",29,33,8,8,3,19,4,4,-4,0.421052631578947,45,69,69,18,243,229,0.442307692307692,0.508896797153025,4,0
"269","Mississippi Valley","Southwestern Athletic","W",14,56,1,14,1,16,9,0,-42,0.0625,74,2,10,0,16,37,0.166666666666667,0.372549019607843,28,0
"270","Missouri","SEC","W",30,36,7,10,1,18,1,2,-6,0.388888888888889,47,64,58,17,201,177,0.460431654676259,0.508896797153025,4,0
"271","Missouri State","Missouri Valley","M",43,13,18,1,1,20,0,9,30,0.9,8,65,113,20,236,320,0.328282828282828,0.451327433628319,10,16
"272","Missouri State","Missouri Valley","W",26,18,11,5,2,18,3,5,8,0.611111111111111,33,64,114,21,254,322,0.321608040201005,0.409722222222222,25,0
"273","Monmouth","Metro Athletic Conference","W",46,4,14,2,3,19,2,12,42,0.736842105263158,6,91,106,29,288,340,0.402654867256637,0.416666666666667,24,0
"274","Monmouth","Metro Atlantic Athletic Conference","M",17,32,3,12,2,17,7,0,-15,0.176470588235294,51,21,33,2,81,116,0.375,0.404040404040404,16,0
"275","Montana","Big Sky","W",15,16,7,6,6,19,5,6,-1,0.368421052631579,42,38,77,18,134,212,0.285714285714286,0.309278350515464,31,0
"276","Morehead State","Ohio Valley","W",13,40,4,12,2,18,6,3,-27,0.222222222222222,66,24,43,11,77,125,0.307692307692308,0.359223300970874,29,0
"277","Mount St. Mary's","Northeast","M",20,32,7,10,0,17,8,2,-12,0.411764705882353,48,37,66,18,146,216,0.305785123966942,0.401197604790419,18,0
"278","Mount St. Mary's","Northeast","W",8,34,3,13,1,17,10,2,-26,0.176470588235294,65,9,39,5,40,106,0.169811320754717,0.341584158415842,30,0
"279","Murray State","Ohio Valley","W",44,29,11,8,0,19,2,5,15,0.578947368421053,26,76,79,34,251,261,0.402116402116402,0.359223300970874,29,0
"280","Navy","Patriot League","M",26,10,12,4,1,17,3,10,16,0.705882352941177,20,69,114,12,254,357,0.353846153846154,0.401197604790419,18,0
"281","Navy","Patriot League","W",28,12,16,3,3,22,3,12,16,0.727272727272727,25,97,150,35,309,436,0.343971631205674,0.374331550802139,27,0
"282","NC State","Atlantic Coast","M",23,24,9,7,3,19,4,4,-1,0.473684210526316,37,69,77,15,238,231,0.428571428571429,0.5625,1,0
"283","NC State","Atlantic Coast","W",36,24,12,7,4,23,5,6,12,0.521739130434783,29,120,70,26,368,220,0.555555555555556,0.546099290780142,3,17
"284","Nebraska","Big Ten","W",12,24,4,10,4,18,8,3,-12,0.222222222222222,53,30,37,7,86,107,0.405405405405405,0.491166077738516,6,0
"285","Nevada","Mountain West","W",11,30,4,14,0,18,10,1,-19,0.222222222222222,59,28,40,7,99,117,0.373333333333333,0.478632478632479,10,0
"286","New Hampshire","America East","M",39,11,15,2,3,20,1,12,28,0.75,10,91,102,25,287,327,0.41743119266055,0.496551724137931,5,22
"287","New Hampshire","America East","W",28,18,10,8,0,18,7,6,10,0.555555555555556,31,63,94,20,200,265,0.355932203389831,0.424050632911392,20,0
"288","New Mexico","Mountain West","W",29,24,11,8,1,20,7,7,5,0.55,36,83,108,21,257,317,0.391509433962264,0.478632478632479,10,0
"289","New Mexico State","Western Athletic","W",15,36,4,12,2,18,8,1,-21,0.222222222222222,61,20,50,8,77,167,0.256410256410256,0.418994413407821,23,0
"290","Niagara","Metro Athletic Conference","W",21,30,9,8,2,19,6,5,-9,0.473684210526316,50,46,97,18,184,291,0.285714285714286,0.416666666666667,24,0
"291","Niagara","Metro Atlantic Athletic Conference","M",18,33,5,12,1,18,5,2,-15,0.277777777777778,51,32,50,5,132,151,0.367816091954023,0.404040404040404,16,0
"292","Nicholls","Southland","W",20,59,3,14,1,18,9,2,-39,0.166666666666667,73,6,27,0,30,136,0.181818181818182,0.423076923076923,21,0
"293","NJIT","ASUN","M",44,27,10,5,4,19,2,6,17,0.526315789473684,19,47,90,16,161,281,0.30718954248366,0.39344262295082,20,0
"294","NJIT","ASUN","W",20,18,7,8,3,18,8,4,2,0.388888888888889,39,36,74,14,129,232,0.290322580645161,0.432926829268293,16,0
"295","North Alabama","ASUN","W",22,30,6,11,0,17,6,4,-8,0.352941176470588,49,24,77,7,98,256,0.222222222222222,0.432926829268293,16,0
"296","North Carolina","Atlantic Coast","M",29,20,7,7,4,18,3,4,9,0.388888888888889,27,61,59,12,209,205,0.462121212121212,0.5625,1,0
"297","North Carolina","Atlantic Coast","W",69,11,24,1,2,27,1,18,58,0.888888888888889,3,224,157,49,670,544,0.52093023255814,0.546099290780142,3,2
"298","North Dakota","Summit League","W",33,26,10,8,1,19,6,6,7,0.526315789473684,34,42,103,15,139,307,0.2625,0.432748538011696,17,0
"299","North Dakota State","Summit League","W",21,18,8,7,3,18,5,5,3,0.444444444444444,38,55,84,10,173,250,0.369127516778524,0.432748538011696,17,0
"300","North Florida","ASUN","M",15,19,6,8,2,16,5,4,-4,0.375,40,30,50,5,96,158,0.352941176470588,0.39344262295082,20,0
"301","North Florida","ASUN","W",33,21,11,6,2,19,3,7,12,0.578947368421053,29,52,109,11,195,348,0.302325581395349,0.432926829268293,16,0
"302","North Texas","Conference USA","W",46,17,15,6,1,22,5,12,29,0.681818181818182,13,125,140,21,441,472,0.437062937062937,0.49063670411985,7,0
"303","Northeastern","Colonial Athletic Association","M",25,33,6,9,3,18,3,3,-8,0.333333333333333,44,20,44,5,68,137,0.289855072463768,0.4,19,0
"304","Northeastern","Colonial Athletic Association","W",35,25,8,10,1,19,4,5,10,0.421052631578947,31,52,62,12,164,211,0.412698412698413,0.463541666666667,12,0
"305","Northern Arizona","Big Sky","W",26,24,8,8,3,19,5,5,2,0.421052631578947,39,27,91,13,111,265,0.206106870229008,0.309278350515464,31,0
"306","Northern Colorado","Big Sky","W",27,44,9,11,4,24,9,3,-17,0.375,57,43,100,26,151,272,0.254437869822485,0.309278350515464,31,0
"307","Northern Illinois","Mid-American","M",29,32,7,10,1,18,3,1,-3,0.388888888888889,39,51,65,15,158,210,0.389312977099237,0.482456140350877,9,0
"308","Northern Illinois","Mid-American","W",12,44,2,14,2,18,10,1,-32,0.111111111111111,70,12,22,2,33,54,0.333333333333333,0.419491525423729,22,0
"309","Northern Iowa","Missouri Valley","W",23,35,5,11,0,16,7,3,-12,0.3125,53,19,46,7,71,144,0.263888888888889,0.409722222222222,25,0
"310","Northern Kentucky","Horizon League","M",38,31,7,10,1,18,4,3,7,0.388888888888889,29,42,59,12,162,217,0.371681415929204,0.43030303030303,12,0
"311","Northern Kentucky","Horizon League","W",27,23,9,9,0,18,7,5,4,0.5,37,69,83,14,223,246,0.41566265060241,0.467391304347826,11,0
"312","Northwestern","Big Ten","M",23,22,8,8,2,18,6,5,1,0.444444444444444,35,42,55,12,153,168,0.385321100917431,0.44,11,0
"313","Northwestern","Big Ten","W",15,27,5,10,3,18,6,2,-12,0.277777777777778,53,39,45,11,121,131,0.410526315789474,0.491166077738516,6,0
"314","Northwestern State","Southland","W",30,28,13,8,1,22,4,8,2,0.590909090909091,39,75,122,11,263,367,0.360576923076923,0.423076923076923,21,0
"315","Notre Dame","Atlantic Coast","M",29,24,10,8,1,19,5,7,5,0.526315789473684,31,83,86,23,262,252,0.432291666666667,0.5625,1,0
"316","Notre Dame","Atlantic Coast","W",31,23,11,8,2,21,6,9,8,0.523809523809524,33,79,88,22,258,272,0.417989417989418,0.546099290780142,3,0
"317","Oakland","Horizon League","M",30,29,7,9,3,19,4,4,1,0.368421052631579,35,29,61,12,107,182,0.284313725490196,0.43030303030303,12,0
"318","Oakland","Horizon League","W",21,26,7,8,3,18,4,5,-5,0.388888888888889,46,31,70,8,97,174,0.284403669724771,0.467391304347826,11,0
"319","Ohio State","Big Ten","M",21,33,7,11,1,19,4,5,-12,0.368421052631579,48,61,44,8,183,140,0.539823008849557,0.44,11,0
"320","Ohio State","Big Ten","W",17,23,4,10,4,18,3,3,-6,0.222222222222222,47,32,40,6,106,128,0.41025641025641,0.491166077738516,6,0
"321","Ohio University","Mid-American","W",39,35,11,9,1,21,4,5,4,0.523809523809524,37,56,108,15,187,316,0.312849162011173,0.419491525423729,22,0
"322","Oklahoma","Big 12","W",25,30,8,9,3,20,4,3,-5,0.4,46,60,82,13,233,239,0.387096774193548,0.495238095238095,5,0
"323","Oklahoma State","Big 12","W",50,18,16,3,3,22,1,10,32,0.727272727272727,12,137,124,25,450,391,0.479020979020979,0.495238095238095,5,19
"324","Old Dominion","Conference USA","M",16,32,3,11,1,15,5,1,-16,0.2,52,21,26,7,64,82,0.388888888888889,0.482993197278912,8,0
"325","Old Dominion","Conference USA","W",37,21,10,4,4,18,2,4,16,0.555555555555556,25,71,91,17,269,290,0.396648044692737,0.49063670411985,7,0
"326","Omaha","Summit League","M",14,25,4,9,4,17,6,1,-11,0.235294117647059,47,15,38,2,67,124,0.272727272727273,0.327102803738318,22,0
"327","Omaha","Summit League","W",14,25,5,11,2,18,8,3,-11,0.277777777777778,52,31,51,9,106,132,0.340659340659341,0.432748538011696,17,0
"328","Oral Roberts","Summit League","M",41,19,13,4,0,17,2,6,22,0.764705882352941,14,66,111,14,230,350,0.345549738219895,0.327102803738318,22,0
"329","Oral Roberts","Summit League","W",34,28,6,9,4,19,6,5,6,0.315789473684211,35,35,71,7,113,226,0.309734513274336,0.432748538011696,17,0
"330","Oregon","Pacific 12","W",26,35,5,9,5,19,6,2,-9,0.263157894736842,50,43,47,10,146,140,0.43,0.590733590733591,1,0
"331","Oregon State","Pacific 12","M",24,19,8,6,2,16,1,4,5,0.5,31,33,58,15,126,177,0.311320754716981,0.504424778761062,4,0
"332","Oregon State","Pacific 12","W",31,19,11,6,2,19,3,6,12,0.578947368421053,29,84,112,21,279,345,0.387096774193548,0.590733590733591,1,0
"333","Pacific","West Coast","M",17,27,6,10,1,17,6,3,-10,0.352941176470588,46,55,65,9,182,186,0.426356589147287,0.485714285714286,6,0
"334","Pacific","West Coast","W",13,43,3,16,0,19,10,2,-30,0.157894736842105,69,17,31,6,62,85,0.314814814814815,0.489795918367347,8,0
"335","Penn","Ivy League","M",15,13,7,5,4,16,4,6,2,0.4375,34,50,60,11,166,192,0.413223140495868,0.413533834586466,14,0
"336","Penn","Ivy League","W",21,16,8,7,1,16,5,6,5,0.5,36,38,86,16,125,245,0.271428571428571,0.575757575757576,2,0
"337","Penn State","Big Ten","M",38,24,12,4,3,19,2,5,14,0.631578947368421,22,81,102,23,229,276,0.393203883495146,0.44,11,18
"338","Penn State","Big Ten","W",51,27,17,7,1,25,3,7,24,0.68,17,141,142,33,451,439,0.44620253164557,0.491166077738516,6,13
"339","Pepperdine","West Coast","W",38,26,11,6,4,21,1,9,12,0.523809523809524,29,97,98,19,337,333,0.453271028037383,0.489795918367347,8,0
"340","Pittsburgh","Atlantic Coast","M",36,29,10,8,2,20,5,6,7,0.5,29,91,81,22,262,247,0.469072164948454,0.5625,1,0
"341","Pittsburgh","Atlantic Coast","W",24,32,5,10,3,18,5,2,-8,0.277777777777778,49,36,48,13,120,145,0.371134020618557,0.546099290780142,3,0
"342","Portland","West Coast","M",27,19,9,7,1,17,4,6,8,0.529411764705882,28,47,88,21,163,235,0.301282051282051,0.485714285714286,6,0
"343","Portland","West Coast","W",20,21,6,6,5,17,4,3,-1,0.352941176470588,42,55,50,14,161,155,0.46218487394958,0.489795918367347,8,0
"344","Portland State","Big Sky","W",15,39,4,15,0,19,9,2,-24,0.210526315789474,63,14,53,8,65,151,0.186666666666667,0.309278350515464,31,0
"345","Prairie View A&M","Southwestern Athletic","W",28,34,13,8,0,21,8,11,-6,0.619047619047619,47,66,129,6,237,521,0.328358208955224,0.372549019607843,28,0
"346","Presbyterian","Big South","M",24,39,6,13,1,20,5,2,-15,0.3,51,32,50,6,133,170,0.363636363636364,0.419161676646707,13,0
"347","Presbyterian","Big South","W",21,40,5,13,0,18,5,2,-19,0.277777777777778,59,18,55,8,86,175,0.222222222222222,0.440860215053763,15,0
"348","Princeton","Ivy League","M",33,20,10,4,3,17,3,4,13,0.588235294117647,23,59,92,25,224,307,0.335227272727273,0.413533834586466,14,0
"349","Princeton","Ivy League","W",23,16,8,6,3,17,3,8,7,0.470588235294118,34,49,75,17,140,185,0.347517730496454,0.575757575757576,2,0
"350","Providence","Big East","M",41,23,16,7,0,23,1,11,18,0.695652173913043,18,104,116,25,333,361,0.424489795918367,0.547368421052632,2,14
"351","Providence","Big East","W",18,23,8,9,3,20,8,4,-5,0.4,46,58,74,14,195,216,0.397260273972603,0.453125,14,0
"352","Purdue","Big Ten","W",19,18,8,9,3,20,5,6,1,0.4,40,69,70,16,183,170,0.445161290322581,0.491166077738516,6,0
"353","Purdue Fort Wayne","Summit League","M",7,50,2,15,0,17,11,1,-43,0.117647058823529,66,11,20,4,43,60,0.314285714285714,0.327102803738318,22,0
"354","Purdue Fort Wayne","Summit League","W",10,27,4,10,4,18,9,4,-17,0.222222222222222,57,8,57,7,42,162,0.111111111111111,0.432748538011696,17,0
"355","Quinnipiac","Metro Athletic Conference","W",24,18,10,8,1,19,7,7,6,0.526315789473684,35,61,77,26,163,223,0.371951219512195,0.416666666666667,24,0
"356","Quinnipiac","Metro Atlantic Athletic Conference","M",35,26,9,6,3,18,3,2,9,0.5,27,49,93,13,201,318,0.316129032258064,0.404040404040404,16,0
"357","Radford","Big South","M",24,35,5,11,2,18,4,1,-11,0.277777777777778,47,29,55,3,113,174,0.333333333333333,0.419161676646707,13,0
"358","Radford","Big South","W",37,20,16,6,0,22,5,10,17,0.727272727272727,24,83,165,25,307,462,0.304029304029304,0.440860215053763,15,0
"359","Rhode Island","Atlantic 10","M",38,22,14,4,3,21,1,6,16,0.666666666666667,20,88,115,17,285,312,0.4,0.41025641025641,15,0
"360","Rhode Island","Atlantic 10","W",11,21,4,9,5,18,6,4,-10,0.222222222222222,51,31,35,7,96,104,0.424657534246575,0.432330827067669,18,0
"361","Rice","Conference USA","W",35,26,11,6,4,21,2,7,9,0.523809523809524,32,84,106,16,348,370,0.407766990291262,0.49063670411985,7,0
"362","Richmond","Atlantic 10","W",25,27,7,9,2,18,5,5,-2,0.388888888888889,43,48,64,19,163,219,0.366412213740458,0.432330827067669,18,0
"363","Rider","Metro Athletic Conference","W",28,25,8,6,4,18,4,5,3,0.444444444444444,38,33,83,8,102,230,0.266129032258065,0.416666666666667,24,0
"364","Rider","Metro Atlantic Athletic Conference","M",23,26,7,8,2,17,2,3,-3,0.411764705882353,39,32,67,8,121,191,0.299065420560748,0.404040404040404,16,0
"365","Robert Morris","Northeast","M",15,42,4,11,2,17,8,1,-27,0.235294117647059,61,10,34,4,44,126,0.208333333333333,0.401197604790419,18,0
"366","Robert Morris","Northeast","W",22,24,6,10,2,18,4,4,-2,0.333333333333333,43,29,73,6,98,204,0.268518518518519,0.341584158415842,30,0
"367","Rutgers","Big Ten","M",19,24,7,8,3,18,6,4,-5,0.388888888888889,41,49,62,13,160,188,0.395161290322581,0.44,11,0
"368","Rutgers","Big Ten","W",33,14,15,4,2,21,1,11,19,0.714285714285714,22,114,99,27,322,287,0.475,0.491166077738516,6,0
"369","Sacramento State","Big Sky","W",28,14,11,2,6,19,0,8,14,0.578947368421053,27,55,123,17,177,339,0.282051282051282,0.309278350515464,31,0
"370","Sacramento State","Big West","M",23,30,7,9,2,18,6,2,-7,0.388888888888889,43,45,68,13,172,213,0.357142857142857,0.483870967741935,7,0
"371","Sacred Heart","Northeast","M",11,38,2,11,3,16,7,0,-27,0.125,61,20,16,0,63,62,0.555555555555556,0.401197604790419,18,0
"372","Sacred Heart","Northeast","W",23,29,9,8,2,19,6,5,-6,0.473684210526316,47,42,104,14,148,285,0.2625,0.341584158415842,30,0
"373","Saint Francis (PA)","Northeast","M",28,17,10,5,1,16,3,5,11,0.625,25,47,86,12,166,290,0.324137931034483,0.401197604790419,18,0
"374","Saint Francis (PA)","Northeast","W",29,35,7,9,1,17,3,2,-6,0.411764705882353,47,32,83,9,123,227,0.258064516129032,0.341584158415842,30,0
"375","Saint Joseph's","Atlantic 10","M",23,33,5,12,1,18,7,2,-10,0.277777777777778,46,37,44,14,129,124,0.389473684210526,0.41025641025641,15,0
"376","Saint Joseph's","Atlantic 10","W",16,24,7,10,2,19,8,5,-8,0.368421052631579,49,56,64,15,171,200,0.414814814814815,0.432330827067669,18,0
"377","Saint Louis","Atlantic 10","M",24,19,10,7,0,17,4,8,5,0.588235294117647,31,70,90,19,228,263,0.391061452513966,0.41025641025641,15,0
"378","Saint Louis","Atlantic 10","W",45,11,17,4,2,23,4,11,34,0.739130434782609,10,108,133,37,335,383,0.388489208633094,0.432330827067669,18,0
"379","Saint Peter's","Metro Athletic Conference","W",9,36,3,13,1,17,11,2,-27,0.176470588235294,66,5,43,5,28,140,0.0943396226415094,0.416666666666667,24,0
"380","Saint Peter's","Metro Atlantic Athletic Conference","M",43,30,13,6,0,19,1,2,13,0.684210526315789,23,56,119,14,226,352,0.296296296296296,0.404040404040404,16,0
"381","Sam Houston State","Southland","W",25,35,7,11,1,19,7,4,-10,0.368421052631579,51,44,83,3,159,276,0.338461538461538,0.423076923076923,21,0
"382","Samford","Southern","W",46,22,13,4,5,22,4,10,24,0.590909090909091,17,101,114,17,337,361,0.435344827586207,0.461928934010152,13,0
"383","San Diego","West Coast","M",39,23,12,5,1,18,1,7,16,0.666666666666667,20,84,111,25,272,321,0.381818181818182,0.485714285714286,6,0
"384","San Diego","West Coast","W",22,26,8,8,1,17,6,7,-4,0.470588235294118,45,46,80,22,155,257,0.310810810810811,0.489795918367347,8,0
"385","San Diego State","Mountain West","W",30,36,10,9,1,20,6,5,-6,0.5,47,71,84,15,200,230,0.417647058823529,0.478632478632479,10,0
"386","San Diego State","Pacific 12","M",19,37,4,12,2,18,6,2,-18,0.222222222222222,54,23,40,10,97,112,0.315068493150685,0.504424778761062,4,0
"387","San Francisco","West Coast","M",9,38,2,14,1,17,10,2,-29,0.117647058823529,62,11,24,3,55,76,0.289473684210526,0.485714285714286,6,0
"388","San Francisco","West Coast","W",38,40,9,8,2,19,3,5,-2,0.473684210526316,43,64,86,15,191,268,0.387878787878788,0.489795918367347,8,0
"389","San Jose State","Mountain West","W",15,23,7,9,4,20,6,5,-8,0.35,49,46,59,10,157,167,0.4,0.478632478632479,10,0
"390","San Jose State","Western Athletic","M",28,39,5,12,2,19,4,3,-11,0.263157894736842,47,31,39,4,97,119,0.418918918918919,0.401785714285714,17,0
"391","Santa Clara","West Coast","M",24,17,8,7,2,17,5,5,7,0.470588235294118,29,37,95,11,162,286,0.258741258741259,0.485714285714286,6,0
"392","Santa Clara","West Coast","W",59,25,15,6,2,23,1,10,34,0.652173913043478,10,140,124,33,471,436,0.471380471380471,0.489795918367347,8,14
"393","Seattle","Western Athletic","M",43,20,15,3,5,23,2,8,23,0.652173913043478,13,86,129,17,289,374,0.370689655172414,0.401785714285714,17,19
"394","Seattle","Western Athletic","W",38,32,12,8,2,22,4,6,6,0.545454545454545,35,61,116,17,225,358,0.314432989690722,0.418994413407821,23,0
"395","Seton Hall","Big East","M",22,21,6,9,1,16,6,2,1,0.375,35,39,53,14,144,181,0.367924528301887,0.547368421052632,2,0
"396","Seton Hall","Big East","W",9,37,2,13,1,16,9,1,-28,0.125,67,15,15,8,42,41,0.394736842105263,0.453125,14,0
"397","Siena College","Metro Athletic Conference","W",16,31,4,11,4,19,7,1,-15,0.210526315789474,55,21,40,6,63,123,0.313432835820896,0.416666666666667,24,0
"398","Siena College","Metro Atlantic Athletic Conference","M",25,34,5,12,1,18,5,1,-9,0.277777777777778,45,30,49,6,110,159,0.352941176470588,0.404040404040404,16,0
"399","SIUE","Mid-American","M",25,21,8,5,4,17,2,5,4,0.470588235294118,32,58,83,8,204,246,0.389261744966443,0.482456140350877,9,0
"400","SIUE","Ohio Valley","W",45,26,10,5,5,20,2,6,19,0.5,22,43,99,18,157,332,0.26875,0.359223300970874,29,0
"401","SMU","American Athletic","M",63,17,18,2,1,21,0,11,46,0.857142857142857,2,121,146,26,409,455,0.41296928327645,0.520547945205479,3,7
"402","SMU","American Athletic","W",40,19,12,7,1,20,4,9,21,0.6,20,82,120,30,268,367,0.353448275862069,0.481865284974093,9,0
"403","South Alabama","Sun Belt","W",50,14,16,4,2,22,4,11,36,0.727272727272727,8,83,125,35,263,381,0.34156378600823,0.431279620853081,19,0
"404","South Carolina","Conference USA","M",19,30,7,9,2,18,6,4,-11,0.388888888888889,47,52,55,5,181,204,0.464285714285714,0.482993197278912,8,0
"405","South Carolina","SEC","W",43,8,19,2,3,24,2,16,35,0.791666666666667,9,153,125,45,500,383,0.473684210526316,0.508896797153025,4,6
"406","South Carolina State","Independent","W",16,37,2,10,0,12,4,1,-21,0.166666666666667,61,1,32,0,18,150,0.0303030303030303,0.126984126984127,32,0
"407","South Dakota","Summit League","W",30,26,8,9,2,19,4,4,4,0.421052631578947,37,45,86,22,139,246,0.294117647058824,0.432748538011696,17,0
"408","South Dakota State","Summit League","W",30,9,15,5,2,22,4,15,21,0.681818181818182,20,80,145,33,276,398,0.310077519379845,0.432748538011696,17,0
"409","South Florida","American Athletic","M",30,24,11,7,1,19,4,5,6,0.578947368421053,30,57,81,13,219,268,0.377483443708609,0.520547945205479,3,0
"410","South Florida","American Athletic","W",44,20,16,5,0,21,2,7,24,0.761904761904762,17,132,123,34,433,373,0.456747404844291,0.481865284974093,9,16
"411","Southeast Missouri State","Ohio Valley","W",28,26,11,5,1,17,4,4,2,0.647058823529412,39,48,107,28,176,320,0.262295081967213,0.359223300970874,29,0
"412","Southeastern Louisiana","Southland","W",17,33,4,13,1,18,11,2,-16,0.222222222222222,56,22,52,1,88,168,0.293333333333333,0.423076923076923,21,0
"413","Southern Illinois","Independent","W",12,39,5,10,2,17,8,3,-27,0.294117647058824,66,25,26,8,73,91,0.423728813559322,0.126984126984127,32,0
"414","Southern Mississippi","Conference USA","W",28,25,7,10,1,18,5,5,3,0.388888888888889,38,60,70,8,221,270,0.434782608695652,0.49063670411985,7,0
"415","Southern University","Southwestern Athletic","W",18,43,4,12,1,17,9,1,-25,0.235294117647059,64,10,55,2,64,251,0.149253731343284,0.372549019607843,28,0
"416","Southern Utah","Big Sky","W",9,42,1,15,2,18,10,0,-33,0.0555555555555556,71,2,14,3,17,42,0.105263157894737,0.309278350515464,31,0
"417","St. Bonaventure","Atlantic 10","M",19,33,5,11,0,16,7,2,-14,0.3125,50,22,55,8,90,169,0.258823529411765,0.41025641025641,15,0
"418","St. Bonaventure","Atlantic 10","W",15,22,7,10,1,18,7,4,-7,0.388888888888889,48,32,79,16,126,216,0.251968503937008,0.432330827067669,18,0
"419","St. Francis Brooklyn","Northeast","M",26,17,7,6,2,15,3,5,9,0.466666666666667,27,36,74,8,125,244,0.305084745762712,0.401197604790419,18,0
"420","St. Francis Brooklyn","Northeast","W",4,39,0,17,0,17,15,0,-35,0,72,NA,NA,NA,NA,NA,NA,0.341584158415842,30,0
"421","St. John's","Big East","M",38,19,14,5,1,20,4,9,19,0.7,17,117,106,31,337,336,0.460629921259843,0.547368421052632,2,12
"422","St. John's","Big East","W",17,33,5,12,1,18,8,3,-16,0.277777777777778,56,30,45,8,89,132,0.36144578313253,0.453125,14,0
"423","St. Mary's (CA)","West Coast","M",47,15,16,2,0,18,1,11,32,0.888888888888889,6,118,155,35,414,463,0.383116883116883,0.485714285714286,6,15
"424","St. Mary's (CA)","West Coast","W",17,37,7,11,1,19,8,5,-20,0.368421052631579,60,46,73,11,148,198,0.353846153846154,0.489795918367347,8,0
"425","Stanford","Pacific 12","M",36,16,14,3,5,22,2,10,20,0.636363636363636,16,78,101,26,286,317,0.380487804878049,0.504424778761062,4,4
"426","Stanford","Pacific 12","W",102,12,23,1,1,25,1,15,90,0.92,1,256,142,46,798,537,0.576576576576577,0.590733590733591,1,1
"427","Stephen F. Austin","Southland","W",31,30,8,11,0,19,4,7,1,0.421052631578947,40,36,85,6,154,285,0.283464566929134,0.423076923076923,21,0
"428","Stetson","ASUN","M",22,31,8,10,2,20,6,4,-9,0.4,45,36,58,11,126,181,0.342857142857143,0.39344262295082,20,0
"429","Stetson","ASUN","W",16,43,2,13,2,17,9,0,-27,0.117647058823529,66,6,11,1,19,30,0.333333333333333,0.432926829268293,16,0
"430","Stony Brook","America East","M",16,30,4,11,2,17,6,1,-14,0.235294117647059,50,31,35,8,115,104,0.418918918918919,0.496551724137931,5,0
"431","Stony Brook","America East","W",36,22,14,6,1,21,2,8,14,0.666666666666667,27,83,126,21,267,356,0.360869565217391,0.424050632911392,20,0
"432","Syracuse","Atlantic Coast","M",41,33,8,7,5,20,2,4,8,0.4,28,50,46,16,152,148,0.446428571428571,0.5625,1,0
"433","Syracuse","Atlantic Coast","W",12,28,3,11,2,16,7,2,-16,0.1875,56,15,28,12,58,81,0.272727272727273,0.546099290780142,3,0
"434","TCU","Big 12","W",40,27,11,8,4,23,5,7,13,0.478260869565217,28,65,99,27,236,276,0.340314136125654,0.495238095238095,5,0
"435","Temple","American Athletic","M",18,22,8,8,2,18,7,3,-4,0.444444444444444,40,51,61,13,183,201,0.408,0.520547945205479,3,0
"436","Temple","American Athletic","W",17,24,5,9,5,19,7,3,-7,0.263157894736842,48,18,64,8,80,189,0.2,0.481865284974093,9,0
"437","Tennessee","SEC","W",26,17,9,6,3,18,4,7,9,0.5,32,73,77,20,223,233,0.429411764705882,0.508896797153025,4,0
"438","Tennessee Tech","Ohio Valley","W",23,32,6,8,5,19,5,2,-9,0.315789473684211,50,34,65,9,138,179,0.314814814814815,0.359223300970874,29,0
"439","Texas","Big 12","W",35,29,11,8,1,20,4,6,6,0.55,35,90,94,17,276,274,0.447761194029851,0.495238095238095,5,0
"440","Texas A&M","SEC","W",51,22,14,5,3,22,1,8,29,0.636363636363636,13,124,119,33,420,399,0.449275362318841,0.508896797153025,4,22
"441","Texas A&M-Corpus Christi","Southland","W",24,25,9,9,2,20,6,8,-1,0.45,42,79,87,9,246,312,0.451428571428571,0.423076923076923,21,0
"442","Texas Southern","Southwestern Athletic","W",18,46,6,11,1,18,9,3,-28,0.333333333333333,67,29,75,3,124,312,0.271028037383178,0.372549019607843,28,0
"443","Texas State","Sun Belt","W",20,10,9,7,3,19,6,8,10,0.473684210526316,31,62,92,13,202,272,0.37125748502994,0.431279620853081,19,0
"444","Texas Tech","Big 12","W",48,20,15,4,4,23,1,9,28,0.652173913043478,14,130,119,28,434,394,0.469314079422383,0.495238095238095,5,20
"445","The Citadel","Southern","W",26,43,5,11,2,18,5,4,-17,0.277777777777778,57,21,48,7,84,121,0.276315789473684,0.461928934010152,13,0
"446","Toledo","Mid-American","W",23,34,7,12,0,19,10,4,-11,0.368421052631579,52,47,70,13,151,223,0.361538461538462,0.419491525423729,22,0
"447","Towson","Colonial Athletic Association","W",15,41,4,13,1,18,8,3,-26,0.222222222222222,65,20,45,5,62,118,0.285714285714286,0.463541666666667,12,0
"448","Troy University","Sun Belt","W",41,19,12,3,4,19,2,5,22,0.631578947368421,19,66,116,22,219,360,0.323529411764706,0.431279620853081,19,0
"449","Tulsa","American Athletic","M",24,32,4,10,2,16,3,2,-8,0.25,44,27,35,4,88,101,0.409090909090909,0.520547945205479,3,0
"450","Tulsa","American Athletic","W",35,36,8,11,0,19,6,5,-1,0.421052631578947,42,48,74,16,181,274,0.347826086956522,0.481865284974093,9,0
"451","UAB","Conference USA","M",19,40,3,12,2,17,4,1,-21,0.176470588235294,57,26,23,8,79,87,0.456140350877193,0.482993197278912,8,0
"452","UAB","Conference USA","W",19,20,5,7,6,18,3,3,-1,0.277777777777778,42,39,37,5,142,125,0.481481481481481,0.49063670411985,7,0
"453","UC Davis","Big West","M",27,13,13,5,2,20,5,8,14,0.65,22,101,104,23,333,316,0.442982456140351,0.483870967741935,7,25
"454","UC Davis","Big West","W",22,27,7,11,0,18,7,3,-5,0.388888888888889,46,45,78,10,131,206,0.338345864661654,0.376470588235294,26,0
"455","UC Irvine","Big West","M",27,23,7,7,5,19,5,4,4,0.368421052631579,32,67,51,16,181,150,0.5,0.483870967741935,7,0
"456","UC Irvine","Big West","W",16,37,4,12,2,18,8,2,-21,0.222222222222222,61,23,48,6,75,131,0.298701298701299,0.376470588235294,26,0
"457","UC Riverside","Big West","M",16,22,6,9,3,18,5,3,-6,0.333333333333333,42,44,40,8,136,134,0.478260869565217,0.483870967741935,7,0
"458","UC Riverside","Big West","W",10,34,3,14,1,18,10,3,-24,0.166666666666667,63,18,37,2,61,97,0.315789473684211,0.376470588235294,26,0
"459","UC Santa Barbara","Big West","M",45,22,15,5,4,24,3,11,23,0.625,13,124,104,29,378,331,0.482490272373541,0.483870967741935,7,8
"460","UC Santa Barbara","Big West","W",31,21,8,5,6,19,5,4,10,0.421052631578947,31,47,85,17,159,233,0.315436241610738,0.376470588235294,26,0
"461","UCF","American Athletic","M",45,24,15,3,2,20,1,6,21,0.75,15,114,112,24,363,369,0.456,0.520547945205479,3,10
"462","UCF","American Athletic","W",33,11,11,4,4,19,3,8,22,0.578947368421053,19,58,99,13,236,292,0.341176470588235,0.481865284974093,9,0
"463","UCLA","Pacific 12","M",29,38,6,9,3,18,5,2,-9,0.333333333333333,45,37,45,12,116,132,0.393617021276596,0.504424778761062,4,0
"464","UCLA","Pacific 12","W",53,20,18,5,1,24,3,13,33,0.75,11,172,131,30,528,442,0.516516516516517,0.590733590733591,1,3
"465","UIC","Horizon League","M",46,27,12,5,1,18,1,2,19,0.666666666666667,17,87,112,22,317,353,0.393665158371041,0.43030303030303,12,0
"466","UIC","Horizon League","W",25,15,12,7,1,20,5,11,10,0.6,31,68,114,16,230,324,0.343434343434343,0.467391304347826,11,0
"467","ULM","Sun Belt","W",14,46,3,13,2,18,8,2,-32,0.166666666666667,70,24,30,3,76,96,0.421052631578947,0.431279620853081,19,0
"468","UMBC","America East","M",22,22,6,9,1,16,7,1,0,0.375,36,44,53,9,132,148,0.415094339622642,0.496551724137931,5,0
"469","UMBC","America East","W",12,32,2,13,2,17,8,1,-20,0.117647058823529,60,8,21,2,25,55,0.258064516129032,0.424050632911392,20,0
"470","UMKC","Western Athletic","M",16,35,6,11,0,17,6,3,-19,0.352941176470588,55,22,40,7,76,106,0.318840579710145,0.401785714285714,17,0
"471","UMKC","Western Athletic","W",34,18,13,4,4,21,1,9,16,0.619047619047619,25,75,128,17,280,384,0.340909090909091,0.418994413407821,23,0
"472","UNC Asheville","Big South","M",19,45,4,12,1,17,5,2,-26,0.235294117647059,60,16,51,4,75,165,0.225352112676056,0.419161676646707,13,0
"473","UNC Asheville","Big South","W",12,38,5,13,0,18,10,4,-26,0.277777777777778,65,13,50,8,65,149,0.183098591549296,0.440860215053763,15,0
"474","UNC Greensboro","Southern","M",32,25,9,9,1,19,6,5,7,0.473684210526316,29,29,83,8,128,239,0.241666666666667,0.392307692307692,21,0
"475","UNC Greensboro","Southern","W",33,29,10,8,2,20,6,6,4,0.5,37,72,89,14,228,275,0.411428571428571,0.461928934010152,13,0
"476","UNC Wilmington","Colonial Athletic Association","M",32,19,12,5,2,19,3,7,13,0.631578947368421,23,62,106,23,252,345,0.324607329842932,0.4,19,0
"477","UNC Wilmington","Colonial Athletic Association","W",33,18,10,6,1,17,2,7,15,0.588235294117647,26,67,91,11,236,278,0.396449704142012,0.463541666666667,12,0
"478","UNLV","Mountain West","W",20,41,6,13,1,20,8,4,-21,0.3,61,45,58,8,136,161,0.405405405405405,0.478632478632479,10,0
"479","UNLV","Western Athletic","M",27,37,6,12,1,19,5,2,-10,0.315789473684211,46,30,63,11,105,178,0.288461538461538,0.401785714285714,17,0
"480","USC","Pacific 12","W",47,27,17,5,1,23,2,9,20,0.739130434782609,21,181,128,43,603,470,0.514204545454545,0.590733590733591,1,8
"481","USC Upstate","Big South","M",20,38,5,12,0,17,7,3,-18,0.294117647058824,54,33,54,6,113,150,0.354838709677419,0.419161676646707,13,0
"482","USC Upstate","Big South","W",14,36,2,11,3,16,8,0,-22,0.125,62,7,12,0,17,32,0.368421052631579,0.440860215053763,15,0
"483","UT Chattanooga","Southern","W",26,15,9,6,4,19,3,8,11,0.473684210526316,30,56,85,9,177,251,0.373333333333333,0.461928934010152,13,0
"484","UT Martin","Ohio Valley","W",33,31,8,6,5,19,2,3,2,0.421052631578947,39,40,72,18,157,231,0.307692307692308,0.359223300970874,29,0
"485","Utah","Pacific 12","W",18,28,8,9,4,21,6,8,-10,0.380952380952381,51,73,71,14,209,203,0.462025316455696,0.590733590733591,1,0
"486","Utah State","Mountain West","W",21,18,8,10,1,19,7,6,3,0.421052631578947,38,64,76,13,191,219,0.418300653594771,0.478632478632479,10,0
"487","Utah Valley","Western Athletic","M",35,24,12,6,3,21,2,7,11,0.571428571428571,25,67,114,12,228,328,0.347150259067358,0.401785714285714,17,0
"488","Utah Valley","Western Athletic","W",40,28,11,9,1,21,4,6,12,0.523809523809524,29,87,102,25,265,339,0.406542056074766,0.418994413407821,23,0
"489","UTEP","Conference USA","W",28,26,10,7,3,20,2,5,2,0.5,39,55,94,16,212,285,0.333333333333333,0.49063670411985,7,0
"490","UTRGV","Western Athletic","M",21,14,8,6,2,16,3,6,7,0.5,29,59,66,9,215,225,0.440298507462687,0.401785714285714,17,0
"491","UTRGV","Western Athletic","W",27,25,9,8,3,20,5,8,2,0.45,39,25,84,6,99,273,0.217391304347826,0.418994413407821,23,0
"492","UTSA","Conference USA","W",24,23,8,8,1,17,6,5,1,0.470588235294118,40,59,80,11,225,233,0.393333333333333,0.49063670411985,7,0
"493","Valparaiso","Missouri Valley","M",22,41,4,13,1,18,7,1,-19,0.222222222222222,55,2,15,1,13,35,0.111111111111111,0.451327433628319,10,0
"494","Valparaiso","Missouri Valley","W",10,31,2,15,1,18,12,2,-21,0.111111111111111,61,7,23,3,32,63,0.212121212121212,0.409722222222222,25,0
"495","Vanderbilt","SEC","W",36,13,14,5,2,21,4,9,23,0.666666666666667,18,87,120,36,306,369,0.358024691358025,0.508896797153025,4,0
"496","VCU","Atlantic 10","M",19,23,7,8,3,18,6,4,-4,0.388888888888889,40,26,53,6,94,139,0.305882352941176,0.41025641025641,15,0
"497","VCU","Atlantic 10","W",35,23,9,6,3,18,3,4,12,0.5,29,65,74,23,237,241,0.401234567901235,0.432330827067669,18,0
"498","Vermont","America East","M",37,20,11,6,1,18,1,8,17,0.611111111111111,19,59,92,18,208,292,0.349112426035503,0.496551724137931,5,0
"499","Vermont","America East","W",13,24,3,10,3,16,3,2,-11,0.1875,52,20,28,8,59,80,0.357142857142857,0.424050632911392,20,0
"500","Villanova","Big East","M",14,14,9,8,1,18,8,8,0,0.5,36,63,80,17,202,226,0.39375,0.547368421052632,2,0
"501","Villanova","Big East","W",27,28,10,7,3,20,4,8,-1,0.5,42,60,67,21,162,189,0.405405405405405,0.453125,14,0
"502","Virginia","Atlantic Coast","M",46,13,21,1,2,24,1,15,33,0.875,5,216,136,39,700,469,0.552429667519182,0.5625,1,2
"503","Virginia","Atlantic Coast","W",63,11,17,2,3,22,0,12,52,0.772727272727273,4,161,123,36,490,403,0.503125,0.546099290780142,3,9
"504","Virginia Tech","Atlantic Coast","M",39,28,10,6,3,19,1,3,11,0.526315789473684,25,101,68,26,329,243,0.517948717948718,0.5625,1,13
"505","Virginia Tech","Atlantic Coast","W",26,15,12,5,2,19,3,9,11,0.631578947368421,30,95,95,27,322,296,0.43778801843318,0.546099290780142,3,0
"506","VMI","Southern","M",7,51,0,16,0,16,10,0,-44,0,67,NA,NA,NA,NA,NA,NA,0.392307692307692,21,0
"507","VMI","Southern","W",6,32,1,16,2,19,14,1,-26,0.0526315789473684,65,0,17,0,6,59,0,0.461928934010152,13,0
"508","Wagner","Northeast","W",20,30,5,10,3,18,6,3,-10,0.277777777777778,51,16,68,5,63,199,0.179775280898876,0.341584158415842,30,0
"509","Wake Forest","Atlantic Coast","M",46,17,16,5,2,23,3,10,29,0.695652173913043,9,158,113,40,516,420,0.508038585209003,0.5625,1,3
"510","Wake Forest","Atlantic Coast","W",29,28,6,8,4,18,2,4,1,0.333333333333333,40,53,47,14,196,146,0.464912280701754,0.546099290780142,3,0
"511","Washington","Pacific 12","M",45,14,17,4,0,21,1,12,31,0.80952380952381,7,93,99,34,305,306,0.411504424778761,0.504424778761062,4,6
"512","Washington","Pacific 12","W",26,20,12,7,2,21,6,7,6,0.571428571428571,35,132,88,30,417,306,0.528,0.590733590733591,1,0
"513","Washington State","Pacific 12","W",45,26,16,7,1,24,4,9,19,0.666666666666667,22,175,110,46,553,397,0.528700906344411,0.590733590733591,1,4
"514","Weber State","Big Sky","W",6,27,2,10,5,17,9,2,-21,0.117647058823529,61,8,29,0,26,69,0.216216216216216,0.309278350515464,31,0
"515","West Virginia","Big 12","W",35,27,12,8,2,22,4,9,8,0.545454545454545,33,115,97,32,380,308,0.471311475409836,0.495238095238095,5,0
"516","West Virginia","Mid-American","M",33,31,10,9,2,21,4,4,2,0.476190476190476,34,86,80,24,274,266,0.452631578947368,0.482456140350877,9,0
"517","Western Carolina","Southern","W",25,30,11,8,0,19,5,6,-5,0.578947368421053,46,75,101,19,236,293,0.384615384615385,0.461928934010152,13,0
"518","Western Illinois","Summit League","M",25,40,5,13,1,19,5,2,-15,0.263157894736842,51,33,51,6,98,149,0.366666666666667,0.327102803738318,22,0
"519","Western Illinois","Summit League","W",13,23,6,11,1,18,9,3,-10,0.333333333333333,51,37,63,9,104,193,0.339449541284404,0.432748538011696,17,0
"520","Western Kentucky","Conference USA","W",32,19,10,7,1,18,4,6,13,0.555555555555556,28,71,96,22,279,344,0.375661375661376,0.49063670411985,7,0
"521","Western Michigan","Mid-American","M",36,21,11,6,2,19,2,7,15,0.578947368421053,21,76,89,22,231,257,0.406417112299465,0.482456140350877,9,0
"522","Western Michigan","Mid-American","W",23,29,8,10,1,19,4,5,-6,0.421052631578947,47,42,72,15,127,198,0.325581395348837,0.419491525423729,22,0
"523","William & Mary","Colonial Athletic Association","M",26,29,7,9,2,18,4,3,-3,0.388888888888889,39,49,61,17,187,202,0.385826771653543,0.4,19,0
"524","William & Mary","Colonial Athletic Association","W",19,37,5,11,2,18,5,3,-18,0.277777777777778,58,41,44,10,117,139,0.431578947368421,0.463541666666667,12,0
"525","Winthrop","Big South","M",24,37,5,10,3,18,6,1,-13,0.277777777777778,49,18,61,4,86,184,0.216867469879518,0.419161676646707,13,0
"526","Winthrop","Big South","W",28,22,8,7,1,16,3,5,6,0.5,35,33,92,12,143,276,0.240875912408759,0.440860215053763,15,0
"527","Wisconsin","Big Ten","M",11,26,3,11,4,18,8,1,-15,0.166666666666667,51,23,28,6,65,91,0.403508771929825,0.44,11,0
"528","Wisconsin","Big Ten","W",29,12,16,4,2,22,4,12,17,0.727272727272727,24,145,111,41,440,339,0.488215488215488,0.491166077738516,6,10
"529","Wisconsin-Green Bay","Horizon League","M",16,27,6,8,2,16,6,3,-11,0.375,47,34,45,9,126,134,0.386363636363636,0.43030303030303,12,0
"530","Wisconsin-Green Bay","Horizon League","W",27,25,7,10,1,18,7,5,2,0.388888888888889,39,20,99,3,94,362,0.163934426229508,0.467391304347826,11,0
"531","Wisconsin-Milwaukee","Horizon League","M",26,21,10,6,4,20,3,6,5,0.5,31,47,85,12,173,253,0.326388888888889,0.43030303030303,12,0
"532","Wisconsin-Milwaukee","Horizon League","W",50,10,18,2,1,21,2,12,40,0.857142857142857,7,107,151,31,324,418,0.370242214532872,0.467391304347826,11,0
"533","Wofford","Southern","M",24,36,4,13,1,18,6,3,-12,0.222222222222222,48,9,38,4,50,133,0.176470588235294,0.392307692307692,21,0
"534","Wofford","Southern","W",17,32,7,12,0,19,10,3,-15,0.368421052631579,55,26,68,9,121,197,0.252427184466019,0.461928934010152,13,0
"535","Wright State","Horizon League","M",46,38,11,8,4,23,2,3,8,0.478260869565217,28,68,91,13,220,295,0.395348837209302,0.43030303030303,12,0
"536","Wright State","Horizon League","W",30,29,9,6,2,17,3,2,1,0.529411764705882,40,33,80,12,108,218,0.264,0.467391304347826,11,0
"537","Wyoming","Mountain West","W",29,30,7,7,5,19,4,1,-1,0.368421052631579,42,46,79,12,151,243,0.335766423357664,0.478632478632479,10,0
"538","Xavier","Big East","M",24,19,8,8,1,17,3,6,5,0.470588235294118,31,43,77,15,153,231,0.318518518518519,0.547368421052632,2,0
"539","Xavier","Big East","W",43,17,17,4,2,23,2,11,26,0.739130434782609,15,147,144,35,460,421,0.450920245398773,0.453125,14,24
"540","Yale","Ivy League","M",34,14,13,3,2,18,3,7,20,0.722222222222222,16,69,122,28,268,385,0.315068493150685,0.413533834586466,14,0
"541","Yale","Ivy League","W",31,14,11,4,1,16,1,6,17,0.6875,24,89,84,28,295,253,0.442786069651741,0.575757575757576,2,0
"542","Youngstown State","Horizon League","W",12,39,4,13,1,18,9,2,-27,0.222222222222222,66,19,40,10,64,118,0.27536231884058,0.467391304347826,11,0
